{
  "curvature_alignment_correlation": 0.6187962195465265,
  "p_value": 9.871020986112468e-107,
  "num_trajectories_analyzed": 10
}