{
  "num_visualized": 10,
  "pca_results": {
    "traj_0": {
      "pca_var_ratio": [
        0.987704873085022,
        0.011450184509158134
      ],
      "pca_cumsum": 0.9991550445556641
    },
    "traj_1": {
      "pca_var_ratio": [
        0.9894199967384338,
        0.009969920851290226
      ],
      "pca_cumsum": 0.9993899464607239
    },
    "traj_2": {
      "pca_var_ratio": [
        0.9936392307281494,
        0.005778200924396515
      ],
      "pca_cumsum": 0.9994174242019653
    },
    "traj_3": {
      "pca_var_ratio": [
        0.9914392232894897,
        0.007850836031138897
      ],
      "pca_cumsum": 0.9992900490760803
    },
    "traj_4": {
      "pca_var_ratio": [
        0.9879797697067261,
        0.010716278105974197
      ],
      "pca_cumsum": 0.9986960291862488
    },
    "traj_5": {
      "pca_var_ratio": [
        0.9876226782798767,
        0.011290464550256729
      ],
      "pca_cumsum": 0.9989131689071655
    },
    "traj_6": {
      "pca_var_ratio": [
        0.9930043816566467,
        0.006389944814145565
      ],
      "pca_cumsum": 0.9993942975997925
    },
    "traj_7": {
      "pca_var_ratio": [
        0.9883014559745789,
        0.010879894718527794
      ],
      "pca_cumsum": 0.99918133020401
    },
    "traj_8": {
      "pca_var_ratio": [
        0.9923393726348877,
        0.006737367250025272
      ],
      "pca_cumsum": 0.9990767240524292
    },
    "traj_9": {
      "pca_var_ratio": [
        0.9907134771347046,
        0.008560064248740673
      ],
      "pca_cumsum": 0.9992735385894775
    }
  }
}