{
  "method": "synthetic_trajectories",
  "num_trajectories": 10,
  "trajectory_length": 100,
  "straightness_values": [
    0.3684943725317247,
    0.3728766807152693,
    0.3776873520824859,
    0.3714536851425009,
    0.3652833321103402,
    0.380145036034309,
    0.368888691295658,
    0.3657499532727432,
    0.3869791239679085,
    0.36961102828883385
  ],
  "curvature_alignment_correlation": 0.6187962195465265,
  "status": "success"
}