{
  "config": {
    "tolerance": 0.01,
    "alpha": 0.75,
    "f_min": 0.1,
    "f_max": 5.0,
    "max_steps": 5000
  },
  "samples": [
    {
      "sample_id": 0,
      "velocity_trajectory_idx": 13,
      "initial_state": "random_gaussian",
      "nfe": 159,
      "n_accepted": 50,
      "n_rejected": 3,
      "reject_rate": 0.05660377358490566,
      "wall_time_sec": 0.0040094852447509766,
      "avg_step_size": 0.019979999999999994,
      "min_step_size": 0.003972162657682299,
      "max_step_size": 0.04545005852199658,
      "final_trajectory_norm": 32.86731061785972,
      "trajectory_times": [
        0.0,
        0.01,
        0.023381979928951697,
        0.03972786571736849,
        0.05492245302295008,
        0.07079746865450968,
        0.08546065108040656,
        0.09885249302587493,
        0.11363066873577493,
        0.1295277848309089,
        0.14634369267901984,
        0.16224914058880366,
        0.17812733117295287,
        0.19293996651579715,
        0.20609252103061354,
        0.21852596380458233,
        0.23184575274218583,
        0.24596099975947358,
        0.2591067124947947,
        0.27273327511864515,
        0.28576165806609793,
        0.29883473786613934,
        0.3119106030871763,
        0.32593060882914215,
        0.34169432383745746,
        0.35725771822813357,
        0.37165485401883974,
        0.3864301092743901,
        0.4043823953615638,
        0.4163770861597676,
        0.42837177695797146,
        0.441247330851593,
        0.45659609068400187,
        0.47885191356553863,
        0.4971972870406717,
        0.5154036599291659,
        0.5510945518418024,
        0.5927790503226019,
        0.6322864875078138,
        0.6705743463601138,
        0.7094191090544171,
        0.7508846250282908,
        0.7948584388800559,
        0.8398214226751041,
        0.8852714811971006,
        0.9230582729211332,
        0.9569783887974915,
        0.9749882445180443,
        0.9855935950446677,
        0.9950278373423177,
        0.999
      ]
    },
    {
      "sample_id": 1,
      "velocity_trajectory_idx": 39,
      "initial_state": "random_gaussian",
      "nfe": 162,
      "n_accepted": 51,
      "n_rejected": 3,
      "reject_rate": 0.05555555555555555,
      "wall_time_sec": 0.00299835205078125,
      "avg_step_size": 0.01958823529411764,
      "min_step_size": 0.004346391244305248,
      "max_step_size": 0.04662219115752608,
      "final_trajectory_norm": 32.69088682222998,
      "trajectory_times": [
        0.0,
        0.01,
        0.024460072460472264,
        0.03900380249787926,
        0.05320218457284039,
        0.06818506610119036,
        0.08359747382181922,
        0.0996253736963844,
        0.11676822057878042,
        0.13196313809774135,
        0.14795010024936672,
        0.1653689185126588,
        0.18068060176779988,
        0.19483214773327556,
        0.21137462288754363,
        0.2269384714004171,
        0.24153475792810036,
        0.25667773911291397,
        0.2699132542431516,
        0.2836054194373074,
        0.2986125064297672,
        0.3126077634432599,
        0.3279355883024764,
        0.3431262103579757,
        0.35858393504484243,
        0.37300963974842505,
        0.38783560653437765,
        0.4024387971793139,
        0.41677898690773224,
        0.4316375314786346,
        0.44494335154960535,
        0.46028634934345536,
        0.4776969368426347,
        0.495764919599312,
        0.5265711504417822,
        0.5451446762951974,
        0.5635004947742143,
        0.5832014049568677,
        0.6063580559571036,
        0.6486023360385064,
        0.6913426964407452,
        0.7369008999391707,
        0.7835230910966968,
        0.8250369080972156,
        0.8672510124423842,
        0.9042522714883146,
        0.9360926488755865,
        0.9636732659690468,
        0.9748853626879125,
        0.9852800582971759,
        0.9946536087556948,
        0.999
      ]
    },
    {
      "sample_id": 2,
      "velocity_trajectory_idx": 30,
      "initial_state": "random_gaussian",
      "nfe": 162,
      "n_accepted": 51,
      "n_rejected": 3,
      "reject_rate": 0.05555555555555555,
      "wall_time_sec": 0.002982616424560547,
      "avg_step_size": 0.019588235294117646,
      "min_step_size": 0.003192857274076366,
      "max_step_size": 0.04000130540441469,
      "final_trajectory_norm": 32.40459631790887,
      "trajectory_times": [
        0.0,
        0.01,
        0.023183795496224353,
        0.03840844006854813,
        0.05406797477082263,
        0.06868675846989335,
        0.08379849483174123,
        0.10078118450373502,
        0.11893018308599299,
        0.13481544892352706,
        0.1494935640922067,
        0.16674239534726448,
        0.18150307572631322,
        0.19467560422875876,
        0.20753337978416955,
        0.22168024693953756,
        0.23727005375755542,
        0.2516313001789463,
        0.2649610486577346,
        0.2787485477678638,
        0.29280201000315254,
        0.30759824257708934,
        0.32298344023083636,
        0.34030342185335594,
        0.35653173755510903,
        0.37008505201905484,
        0.38406719406595263,
        0.4005362294325935,
        0.4159625626982317,
        0.4329160124746667,
        0.44915593579634344,
        0.46668132750537616,
        0.4896159067650623,
        0.5078940771005652,
        0.5271182522372477,
        0.5429237588159092,
        0.5692118431845457,
        0.5980939469023068,
        0.6322594853842345,
        0.6699481668122383,
        0.709296697236765,
        0.7492980026411797,
        0.7812147586469707,
        0.8184680101392043,
        0.8564590421032925,
        0.891462635750317,
        0.9204796302366833,
        0.9503139243799148,
        0.9776932527200377,
        0.9889228891427049,
        0.9958071427259236,
        0.999
      ]
    },
    {
      "sample_id": 3,
      "velocity_trajectory_idx": 45,
      "initial_state": "random_gaussian",
      "nfe": 159,
      "n_accepted": 50,
      "n_rejected": 3,
      "reject_rate": 0.05660377358490566,
      "wall_time_sec": 0.0030035972595214844,
      "avg_step_size": 0.019979999999999994,
      "min_step_size": 0.0027572603696268683,
      "max_step_size": 0.0433672925180802,
      "final_trajectory_norm": 32.48692377010493,
      "trajectory_times": [
        0.0,
        0.01,
        0.024152330060089454,
        0.03977829728698362,
        0.0552458718425282,
        0.07042679368778897,
        0.0855992450347957,
        0.10156585569594231,
        0.11751996108743712,
        0.13114903441120437,
        0.1444241523369745,
        0.15757107171618728,
        0.17093856415424452,
        0.18521850749646976,
        0.1986026583998539,
        0.212176037733537,
        0.22846370114471481,
        0.2451438267194257,
        0.2608885435188575,
        0.27395320316265154,
        0.2877442963239061,
        0.30315504954675215,
        0.31961085300298064,
        0.3353596173890243,
        0.3549388723171906,
        0.3750605606967758,
        0.3942224701834513,
        0.41276322453033654,
        0.4288888779788351,
        0.4484281173475079,
        0.4678013072538636,
        0.484895465206566,
        0.5057130859423374,
        0.5238275066647852,
        0.5411099222982121,
        0.5681131660780527,
        0.611480458596133,
        0.6459473489822606,
        0.6890070252920655,
        0.7276208638717201,
        0.7666941959753617,
        0.8038339662415601,
        0.8423941804019914,
        0.8803744416847594,
        0.9123713609136229,
        0.9423071632165264,
        0.9702573199368322,
        0.9796933827826765,
        0.9886432933009641,
        0.9962427396303731,
        0.999
      ]
    },
    {
      "sample_id": 4,
      "velocity_trajectory_idx": 17,
      "initial_state": "random_gaussian",
      "nfe": 153,
      "n_accepted": 49,
      "n_rejected": 2,
      "reject_rate": 0.0392156862745098,