{
  "tolerance": 0.00031622776601683794,
  "alpha": 0.9,
  "f_min": 0.1,
  "f_max": 5.0,
  "estimated_nfe": 300.0,
  "estimated_error": 12.325637443367158,
  "estimated_reject_rate": 0.0274
}