{
  "tolerance_values": [
    0.1,
    0.03162277660168379,
    0.01,
    0.0031622776601683794,
    0.001,
    0.00031622776601683794,
    0.0001
  ],
  "selected_traj_indices": [
    0,
    1,
    2,
    3,
    4,
    5,
    6,
    7,
    8,
    9,
    10,
    11,
    12,
    13,
    14,
    15,
    16,
    17,
    18,
    19,
    20,
    21,
    22,
    23,
    24,
    25,
    26,
    27,
    28,
    29,
    30,
    31,
    32,
    33,
    34,
    35,
    36,
    37,
    38,
    39,
    40,
    41,
    42,
    43,
    44,
    45,
    46,
    47,
    48,
    49
  ],
  "aggregated_metrics": {
    "tolerances": [
      0.1,
      0.03162277660168379,
      0.01,
      0.0031622776601683794,
      0.001,
      0.00031622776601683794,
      0.0001
    ],
    "avg_nfe": [
      48.18,
      91.56,
      160.8,
      261.96,
      300.0,
      300.0,
      300.0
    ],
    "avg_error": [
      0.21820360047621468,
      0.11983695216634685,
      0.06491516514259638,
      0.03472469673181394,
      7.294441920011131,
      12.325637443367158,
      14.048395988146765
    ],
    "avg_reject_rate": [
      0.11941857317089515,
      0.1907542069843025,
      0.1932768280430471,
      0.13630905585231687,
      0.061599999999999995,
      0.0274,
      0.0196
    ],
    "std_nfe": [
      4.663432212437531,
      6.977564044851183,
      8.226785520481254,
      11.215988587726006,
      0.0,
      0.0,
      0.0
    ],
    "std_error": [
      0.012153240153929662,
      0.006217338605616013,
      0.003207794175540456,
      0.0017149681343921524,
      0.9286803807018389,
      0.36303633037561256,
      0.34168545257537053
    ]
  }
}